Quote,Author
"""Getting sober was the single bravest thing I've ever done and will ever do in my life.",Jamie Lee Curtis
"""I finally summoned up the courage to say the three words that would change my life: 'I need help.'",Elton John
"""Failure is a part of life. If you don't fail, you don't learn. If you don't learn, you'll never change.",Morgan Freeman
"""Tough times never last, but tough people do.",Robert H. Schuller
"""Don't ever discount the wonder of your tears. They can be healing waters and a stream of joy. Sometimes they are the best words the heart can speak.",William Paul Young
"""I got sober, and I got happy again.",Macklemore
"""I went through heavy, darker times, and I survived them. I didn't die young, so I'm very lucky.",Angelina Jolie
"""I'm so grateful to be where I am. I'm so grateful to be sober. I'm so grateful to be. Remember, we are works in progress.",Jamie Campbell Bower
"""Yesterday's the past, tomorrow's the future, but today is a gift. That's why it's called the present.",Bil Keane
"""Believe in your infinite potential. Your only limitations are those you set upon yourself.",Roy T. Bennett
"""I had all the help in the world, but I didn't want it. When I hit that moment, I was like, it's no longer fun when you're doing it alone.",Demi Lovato
"""There's just no better gift. There's no better gift I can give my kids, there's no better gift I can give my husband. More importantly, there's no better gift I can give myself.",Jessica Simpson
"""Do not get lost in a sea of despair. Be hopeful, be optimistic. Our struggle is not the struggle of a day, a week, a month, or a year, it is the struggle of a lifetime. Never, ever be afraid to make some noise and get in good trouble, necessary trouble.",John Lewis
"""People may hear your words, but they feel your attitude.",John C. Maxwell
"""Forgive the past. It is over. Learn from it and let go. People are constantly changing and growing. Do not cling to a limited, disconnected, negative image of a person in the past. See that person now. Your relationship is always alive and changing.",Brian Weiss
"""Addiction is not caused by stress on the job. It has more to do with your childhood and lots of other things.",Kate Moss
"""If you need booze or drugs to enjoy your life to the fullest, then you're doing it wrong.",Robin Williams
"""Knowing your own darkness is the best method for dealing with the darknesses of other people.",Carl Jung
"""I don't look to jump over 7-foot bars — I look for 1-foot bars that I can step over.",Warren Buffett
"""I made a commitment to completely cut out drinking and anything that might hamper me from getting my mind and body together. And the floodgates of goodness have opened upon me.",Denzel Washington
"""If you don't have time to do it right, when will you have time to do it over?",John Wooden
"""Time and tide wait for no man.",Geoffrey Chaucer
"""Don't limit yourself. Many people limit themselves to what they think they can do. You can go as far as your mind lets you. What you believe, remember, you can achieve.",Mary Kay Ash
"""What you are is God's gift to you. What you become is your gift to God.",Hans Urs von Balthasar
"""Rock bottom became the solid foundation on which I rebuilt my life.",JK Rowlings
"""Sobriety was the best gift I ever gave myself.",Rob Lowe
"""Everyone wants happiness. No one wants pain. But you cant have a rainbow without a little rain.""",Anonymous
"""My recovery must come first so that everything I love in life does not have to come last""",Anonymous
"""The mentality and behaviour of drug addicts and alcoholics is wholly irrational until you understand that they are completely powerless over their addiction and unless they have structured help, they have no hope",Russel Brand
"""Live less out of habit and more out of intent.""",Anonymous
"""I chose sober because I wanted a better life. I stay sober because I got one""",Anonymous
"""The minute you think of giving up, think of the reason why you held on so long""",Anonymous
"""I'm not telling you it is going to be easy, I'm telling you it's going to be worth it""",Anonymous
"""When I focus on what's good today, I have a good day. When I focus on what's bad, I have a bad day. If I focus on the problem, the problem increases. If I focus on the answer, the answer increases.",Big book of Alcoholics Anonymous quote
"""You're not going to master the rest of your life in one day. Just relax. Master the day. Then just keep doing that every day.",Temp author
"""There is no shame in beginning again, for you get a chance to build bigger and better than before.",Temp author
"""F-E-A-R has two meanings: 'Forget Everything And Run' or 'Face Everything And Rise.' The choice is yours.",Zig Ziglar
"""Sometimes when in a dark place you think you've been buried, when actually you've been planted.",Christine Caine
"""If you do what you've always done, you'll get what you've always gotten.",Tony Robbins
"""One day you will tell your story of how you overcame what you went though and it will be someone else's survival guide.",Brene Brown
"""You don't have to see the whole staircase. Just take the first step.",Martin Luther King
"""One day at a time",The idea of giving up alcohol or drugs for the rest of your life is overwhelming. The good news is that you do not have to do this. You can approach recovery one day at a time. You do not have to worry about what is going to happen tomorrow or next week. You just have to get up each morning and commit to staying sober for the rest of the day
"""Addiction isn't about alcohol and drugs. It's the absence of self. This absence is described as a hole in your soul. You can't love others when you're empty inside. Recovery peels back the painful layers and heals that hole through connect, honest and hard work. To love oneself is the beginning of a lifetime of recovery.",Temp author
"""I didn't get sober to be normal.",Charlie Sheen
"""The only way to change is to change your behavior every day.",Russell Brand
"""I used to think a drug addict was someone who lived on the far edges of society. Wild-eyed, shaven-headed and living in a filthy squat. That was until I became one.",Cathryn Kemp
"""I don't know who I am without drugs. But I don't want to die chasing it anymore. I've had enough.",Kelly Osbourne
"""I don't drink or drug anymore but that doesn't mean my life is boring. It's not. I still have a lot of fun.",Jamie Lee Curtis
"""You can't live a positive life with a negative mind.",Miley Cyrus
"""I realized I had to quit drinking when I woke up on my bathroom floor and couldn't remember how I got there.",Bradley Cooper
"""Sobriety was the greatest gift I ever gave myself.",Rob Lowe
"""It took me a long time to realize that if I wanted to be healthy and happy, I had to quit drinking.",Chrissy Teigen
"""Sobriety was the best thing that ever happened to me.",Jamie Lee Curtis
"""I'm sober today and I'm going to be sober tomorrow, but it truly is just one day at a time.",Eminem
"""I don't need alcohol to have a good time.",Jennifer Lopez
"""My whole life changed when I decided to get sober.",Matthew Perry
"""Recovery is an acceptance that your life is in shambles and you have to change it.",James Taylor
"""I was drinking to numb my emotions and feelings.",Demi Lovato
"""I know I have fans out there who are going through the same struggles I did, and I just wanted to share my story with them.",Kat Von D
"""You have to want to change. You have to use your pain as fuel to make a better life for yourself.",Anthony Hopkins
"""I realized that I didn't want to wake up feeling like that anymore.",Gerard Butler
"""The decision to quit drinking was one of the best decisions I ever made.",Zac Efron
"""I used to think that drugs and alcohol were really useful tools. That was before they became an addiction.",Steven Tyler
"""I used to think that I couldn't write unless I was under the influence of something. But it turns out that sobriety has opened up a whole new world of creativity for me.",Stephen King
"""The greatest gift you can give yourself is sobriety.",Robert Downey Jr.
"""I never thought I could survive without drugs or alcohol. But it turns out that I'm stronger than I ever imagined.",Eric Clapton
"""Addiction is a disease, and it's nothing to be ashamed of. The important thing is to get help.",Jamie Lee Curtis
"""I thought that I was invincible. It took hitting rock bottom for me to realize that I wasn't.",Drew Barrymore
"""Getting sober is a process, and it takes time. But it's worth it.",Bradley Cooper
"""I'm grateful for every day that I wake up sober.",Eminem
"""Recovery is possible, and it's beautiful.",Kristen Johnston
"""I wouldn't have a career today if I hadn't gotten sober.",Craig Ferguson
"""Sobriety doesn't mean that life is perfect. But it does mean that you're better equipped to handle whatever comes your way.",Kat Von D
"""I chose sober because I wanted a better life. I stay sober because I got one.",Anonymous
"""You don't have to see the whole staircase. Just take the first step.",Martin Luther King
"""Your best days are ahead of you. The movie starts when the guy gets sober and puts his life back together; it doesn't end there.",Bucky Sinister
"""Being in recovery has given me everything of value that I have in my life. Integrity, honesty, fearlessness, faith, a relationship with God, and most of all gratitude. Sobriety was the best gift I ever gave myself.",Rob Lowe
"""If you do what you've always done, you'll get what you've always gotten.",Tony Robbins
"""I approach sobriety with the same mentality I approached sports with. You're going to put in the time. You've got to suit up, show up, and keep your eyes on the win.",Molly Bloom
"""When I focus on what's good today, I have a good day. When I focus on what's bad, I have a bad day. If I focus on the problem, the problem increases. If I focus on the answer, the answer increases.",Alcoholics Anonymous
"""Rock bottom became the solid foundation on which I rebuilt my life.",JK Rowlings
"""We have all had to learn painful lessons. We are all recovering from some mistake, loss, betrayal, abuse, injustice or misfortune. All of life is a process of recovery that never ends. We each must find ways to accept and move through the pain and to pick ourselves back up. Be patient with yourself.",Bryant McGill
"""Breakthroughs don't get planned, they are prepared for.",Goitsemang Mvula
"""It doesn't matter how slowly you go, only that you do not stop.",Confucius
"""F-E-A-R has two meanings: 'Forget Everything And Run' or 'Face Everything And Rise.' The choice is yours.",Zig Ziglar
"""When I got sober, I thought giving up was saying goodbye to all the fun and all the sparkle, and it turned out to be just the opposite. That's when the sparkle started for me.",Mary Karr
"""Somebody once asked me how I define sobriety and my response was 'liberation from dependence'.",Leslie Jamison
"""Above anything else—above family or job—the main thing is staying sober. That's because without being sober, I don't have a family or a job.",William Regal
"""One day, you'll tell your story of how you overcame what you went through, and it will be someone else's survival guide.",Brene Brown
"""I affirm and encourage others, as I do myself.""",Anonymous
"""I am capable of balancing ease and effort in my life.""",Anonymous
"""I am worthy of investing in myself.""",Anonymous
"""Asking for help is a sign of self-respect and self-awareness.""",Anonymous
"""I grow towards my interests, like a plant reaching for the sun.""",Anonymous
"""I do not have to linger in dark places; there is help for me here.""",Anonymous
"""I am open. I am healing. I am happy.""",Anonymous
"""I am growing, and I am going at my own pace.""",Anonymous
"""I release the fears that do not serve me.""",Anonymous
"""I celebrate the good qualities in others and myself.""",Anonymous
"""I invite art and music into my life.""",Anonymous
"""I can hold two opposing feelings at once; it means I am processing.""",Anonymous
"""I nourish myself with kind words and joyful foods.""",Anonymous
"""I am proof enough of who I am and what I deserve.""",Anonymous
"""Believe you can, and you're halfway there.",Theodore Roosevelt
"""I avoid looking forward or backward, and try to keep looking upward.",Charlotte Brontë
"""I hated every minute of training, but I said, 'Don't quit. Suffer now and live the rest of your life as a champion.'",Muhammad Ali
"""Our greatest glory is not in never failing, but in rising up every time we fail.",Ralph Waldo Emerson
"""Every worthy act is difficult. Ascent is always difficult. Descent is easy and often slippery.",Mahatma Gandhi
"""It is by going down into the abyss that we recover the treasures of life. Where you stumble, there lies your treasure.",Joseph Campbell
"""The great thing in this world is not so much where you stand as what direction you are moving.",Oliver Wendell Holmes
"""I've been absolutely terrified every moment of my life",and I've never let it keep me from doing a single thing I wanted to do.
"""If you accept the expectations of others, especially negative ones, then you never will change the outcome.",Michael Jordan
"""People often say that motivation doesn't last. Neither does bathing. That's why we recommend it daily.",Zig Ziglar
"""Success is the sum of small efforts, repeated day in and day out.",Robert Collier
"""Tomorrow is the most important thing in life; it comes to us at midnight very clean. It's perfect when it arrives, and it puts itself in our hands. It hopes we've learned something from yesterday.",John Wayne
"""If you can quit for a day, you can quit for a lifetime.",Benjamin Alire Sáenz
"""Fall seven times, stand up eight.",Japanese proverb
"""Either you run the day, or the day runs you.",Jim Rohn
"""Every strike brings me closer to the next home run.",Babe Ruth
"""Life is like riding a bicycle. To keep your balance, you must keep moving.",Albert Einstein
"""When you rise in the morning, think of what a privilege it is to be alive, to think, to enjoy, to love …",Marcus Aurelius
"""Sometimes you can only find Heaven by slowly backing away from Hell.",Carrie Fisher
"""It is 10 years since I used drugs or alcohol and my life has improved immeasurably. I have a job, a house, a cat, good friendships and, generally, a bright outlook… The price of this is constant vigilance because the disease of addiction is not rational.",Russell Brand
"""Getting sober was one of the three pivotal events in my life, along with becoming an actor and having a child. Of the three, finding my sobriety was the hardest.",Robert Downey Jr.
"""I understood, through rehab, things about creating characters. I understood that creating whole people means knowing where we come from, how we can make a mistake and how we overcome things to make ourselves stronger.",Samuel L. Jackson
"""Once I was clear-headed, and I hadn't been clear-headed in so long, I was like, I can never go back. And I'm still thankful.",Travis Barker
"""I got sober. I stopped killing myself with alcohol. I began to think: 'Wait a minute","if I can stop doing this, what are the possibilities?' And slowly it dawned on me that it was maybe worth the risk."
"""I realized that I only had two choices: I was either going to die or I was going to live, and which one did I want to do? And then I said those words, 'I'll get help,' or, 'I need help. I'll get help.' And my life turned around. Ridiculous for a human being to take 16 years to say, 'I need help.'",Sir Elton John
"""My recovery from drug addiction is the single greatest accomplishment of my life… but it takes work — hard, painful work — but the help is there, in every town and career, drug/drink freed members of society, from every single walk and talk of life to help and guide.",Jamie Lee Curtis
"""If it wasn't for that rehab center, I probably wouldn't have been here. In terms of recovery, it has been very important for me to be a part of a recovery community, to actively be around my people because they understand me. They get it.",Macklemore
"""Though no one can go back and make a brand new start, anyone can start from now and make a brand new ending.",Carl Bard
"""Everyone has inside of him a piece of good news. The good news is that you don't know how great you can be! How much you can love! What you can accomplish! And what your potential is!",Anne Frank
"""What progress, you ask, have I made? I have begun to be a friend to myself.",Hecato
"""Find the seed at the bottom of your heart and bring forth a flower.",Shigenori Kameoka
"""What makes the desert beautiful is that somewhere it hides a well.",Antoine de Saint-Exupery
"""All the suffering, stress, and addiction comes from not realizing you already are what you are looking for. ",Jon Kabat-Zinn
"""People spend a lifetime searching for happiness, looking for peace. They chase idle dreams, addictions, religions, and even other people, hoping to fill the emptiness that plagues them. The irony is the only place they ever needed to search was within.",Ramona L. Anderson
"""The most common way people give up their power is by thinking they don't have any.",Alice Walker
"""Be yourself; everyone else is already taken.",Oscar Wild
"""It always seems impossible until it's done.",Nelson Mandela
"""In the midst of winter, I found there was, within me, an invincible summer. And that makes me happy. For it says that no matter how hard the world pushes against me, within me, there's something stronger — something better, pushing right back.",Albert Camus
"""Character cannot be developed in ease and quiet. Only through experience of trial and suffering can the soul be strengthened, ambition inspired, and success achieved.",Helen Keller
"""We may think there is willpower involved, but more likely … change is due to want power. Wanting the new addiction more than the old one. Wanting the new me in preference to the person I am now.",George Sheehan
"""Man never made any material as resilient as the human spirit.",Bernard Williams
"""You can come out of the furnace of trouble two ways: if you let it consume you, you come out a cinder; but there is a kind of metal which refuses to be consumed, and comes out a star.",Jean Church
"""I have learned over the years that when one's mind is made up, this diminishes fear.",Rosa Parks
"""Hardships often prepare ordinary people for an extraordinary destiny.",C.S. Lewis
"""Sometimes we motivate ourselves by thinking of what we want to become. Sometimes we motivate ourselves by thinking about who we don't ever want to be again.",Shane Niemeyer
"""When we meet real tragedy in life, we can react in two ways","either by losing hope and falling into self-destructive habits, or by using the challenge to find our inner strength. Thanks to the teachings of Buddha, I have been able to take this second way."
"""Cause sometimes you just feel tired. Feel weak, and when you feel weak, you feel like you wanna just give up. But you gotta search within you. You gotta find that inner strength. And just pull it out of you, and get that motivation to not give up, and not be a quitter, no matter how bad you wanna just fall flat on your face.",Eminem
"""Life is not easy for any of us. But what of that? We must have perseverance and, above all, confidence in ourselves. We must believe that we are gifted forsomething, and that this thing, at whatever cost, must be attained.",Marie Curie
"""Life has many ways of testing a person's will, either by having nothing happen at all or by having everything happen all at once.",Paulo Coelho
"""Today you are You, that is truer than true. There is no one alive who is Youer than You.",Dr. Seuss
"""Nothing is impossible; the word itself says, 'I'm possible!'",Audrey Hepburn
"""What lies behind us and what lies before us are tiny matters compared to what lies within us.",Ralph Waldo Emerson
"""I can't change the direction of the wind, but I can adjust my sails to always reach my destination.",Jimmy Dean
"""I dwell in possibility.",Emily Dickinson
"""Don't let the past steal your present.",Terri Guillemets
"""Addiction begins with the hope that something ""out there"" can instantly fill up the emptiness inside.",Jean Kilbourne
"""Hope is a good thing, maybe even the best of things, and good things never die.",Stephen King
"""The only journey is the one within.",Rainer Maria Rilke
"""Every experience in your life is being orchestrated to teach you something you need to know to move forward.",Brian Tracy
"""When everything seems to be going against you, remember that the airplane takes off against the wind, not with it.",Henry Ford
"""If things go wrong, don't go with them.",Roger Babson
"""Every noble work is at first impossible.",Thomas Carlyle
"""Experience is not what happens to you, it is what you do with what happens to you.",Aldous Huxley
"""We can't solve problems by using the same kind of thinking we used when we created them.",Albert Einstein
"""Whether you think you can or you think you can't, you're right.",Henry Ford
"""The only person you are destined to become is the person you decide to be.",Ralph Waldo Emerson
"""The best way out is always through.",Robert Frost
"""Don't judge each day by the harvest you reap but by the seeds that you plant.",Robert Louis Stevenson
"""As one goes through life, one learns that if you don't paddle your own canoe, you don't move.",Katharine Hepburn
"""Amazing how we can light tomorrow with today.",Elizabeth Barrett Browning
"""When you get into a tight place and everything goes against you, till it seems you could not hang on a minute longer, never give up then, for that is just the place and time that the tide will turn.",Harriet Beecher Stowe
"""Keep steadily before you the fact that all true success depends at last upon yourself.",Theodore T. Hunger
"""The best time to plant a tree was 20 years ago. The second best time is now.""",Anonymous
"""If we are facing in the right direction, all we have to do is keep on walking.'",Anonymous
"""Patience and the mulberry leaf becomes a silk gown.""",Anonymous
"""Happiness is where we find it, but rarely where we seek it.""",Anonymous
"""Adapt the remedy to the disease.""",Anonymous
"""Control your emotions or they will control you.""",Anonymous
"""A wise man adapts himself to circumstances, as water shapes itself to the vessel that contains it.""",Anonymous
"""With true friends…even water drunk together is sweet enough.""",Anonymous
"""Either do not begin or, having begun, do not give up.""",Anonymous
"""If you want happiness for an hour, take a nap. If you want happiness for a day, go fishing. If you want happiness for a year, inherit a fortune. If you want happiness for a lifetime, help somebody.""",Anonymous
"""It is easy to get a thousand prescriptions but hard to get one single remedy.""",Anonymous
"""First the man takes a drink, then the drink takes a drink, then the drink takes a man.""",Anonymous
"""It is better to take many small steps in the right direction than to make a great leap forward only to stumble backward.""",Anonymous
"""I've wanted to feel pleasure to the point of insanity. They call it 'getting high,' because it's wanting to know that higher level, that godlike level. You want to touch the heavens, you want to feel glory and euphoria, but the trick is it takes work.",Anthony Kiedis
"""Getting sober was one of the three pivotal events in my life, along with becoming an actor and having a child. Of the three, finding my sobriety was the hardest thing.",Gary Oldman
"""It's been a learning process, I'm growing. I couldn't believe that anybody could be naturally happy without being on something. So I would say to anybody, 'it does get better.'",Eminem
"""If you hear a voice within you say 'you cannot paint,' then by all means paint and that voice will be silenced.",Vincent Van Gogh
"""I have absolutely no pleasure in the stimulants in which I sometimes so madly indulge. It has not been in the pursuit of pleasure that I have periled life and reputation and reason. It has been the desperate attempt to escape from torturing memories, from a sense of insupportable loneliness and a dread of some strange impending doom.",Edgar Allan Poe
"""And that's what it's like for me in recovery at times. Afraid to take on responsibility, new sponsees or something, or allowing myself to stand up and shine… I've got new tools, I've got new hope, new love, new respect for myself.",James Hetfield
"""I've been sober for 18 years now. It wasn't like you flick a switch, and you're sober. It takes a while. You have to learn how to do everything all over again. There is life after addiction, and it's really good. If I had known, I'd havestopped earlier.",Joe Walsh
"""I went to hell and back, but I wouldn't have it any other way. Then I wouldn't be in the position I'm in, happy about life and comfortable in my skin.",Drew Barrymore
"""A lot of people think that addiction is a choice. A lot of people think it's a matter of will. That has not been my experience. I don't find it to have anything to do with strength.",Matthew Perry
"""I think that the power is the principle. The principle of moving forward, as though you have the confidence to move forward, eventually gives you confidence when you look back and see what you've done.",Robert Downey Jr.
"""Rock bottom became the solid foundation on which I rebuilt my life.",J.K. Rowling
"""Not feeling is no replacement for reality. Your problems today are still your problems tomorrow.",Larry Michael Dredla
"""What is an addiction, really? It is a sign, a signal, a symptom of distress. It is a language that tells us about a plight that must be understood.",Alice Miller
"""The greatest mistake you can make in life is to continually be afraid you will make one.",Elbert Hubbard
"""Turn your face to the sun and the shadows fall behind you.",Charlotte Whitton
"""You must do the things you think you cannot do.",Eleanor Roosevelt
"""I am not defined by my relapses, but by my decision to remain in recovery despite them.",Anonymous)
"As the song says, ""I pick myself up, dust myself off, start all over again""",Anonymous
"""The only requirement for A.A. membership is a desire to stop drinking",Alcoholics Anonymous)
The people who recover from alcohol abuse are those who want to.,Anonymous
"""Remember that just because you hit bottom doesn't mean you have to stay there.",Robert Downey Jr)
"When you hit rock bottom, you can't start to dig, so rather choose to rise.",Anonymous
"""I got a message, a little thought, that said, 'Do you want to live or die?' I said I wanted to live. And suddenly the relief came and my life has been amazing.",Anthony Hopkins)
There is a point in addiction where the substance is the most important thing. That is when life or death is the only choice left.,Anonymous
"""When everything seems like an uphill struggle, just think of the view from the top.",Anonymous)
"We hike up mountains not because it is easy, but for that amazing view.",Anonymous
"""The greatest gift of sobriety is being there for the people I should have been there for when I was drinking.",Anonymous)
This is one of the most wonderful things about recovery.,Anonymous
"""I have my off days and sometimes little bits of doubt and all that but all in all I say, hang in there. Today is the tomorrow you were so worried about yesterday.",Anthony Hopkins)
There are times when it feels like the recovery process is a matter of hanging in there.,Anonymous
"""If we are facing in the right direction, all we have to do is keep on walking.",Zen Proverb)
If we keep walking then every day we become a better version of ourselves.,Anonymous
"""Recovery is not for people who need it. It's for people who want it.",Anonymous)
"People forced to go to AA meetings, seldom stay.",Anonymous
"""Recovery is taking all twelve steps…over and over and over and over…",Toni Sorenson
"Through repetition, the right decisions start to come naturally.",Anonymous
"""My sobriety anniversary means so much to me because I feel like the day that I got sober was the day that I actually started living and so I like to call myself five years old.",Demi Lovato)
Each day of sobriety is among the best days.,Anonymous
"""Success is the sum of small efforts, repeated day in and day out.",Robert Collier
The path out of alcohol addiction is small efforts every day.,Anonymous
"""Help is there, in every town and career, drug/drink freed members of society, from every single walk and talk of life to help and guide.",Jamie Lee Curtis
"In the midst of devastation, anchors are always there if we only look",Anonymous
"""The only real cure for alcoholism is suffering. You just hope that your threshold for suffering is met somewhere before it destroys your life.",Ben Affleck)
"The sooner we take the first step, the sooner we move away from suffering.",Anonymous
"""If things go wrong, don't go with them.",Roger Babson)
The good news is that we have a choice not to go with the things that go wrong.,Anonymous
"""What is an addiction, really? It is a sign, a signal, a symptom of distress. It is a language that tells us about a plight that must be understood.",Alice Miller
,Anonymous
"If we must have a new addiction, let it be about seeking a better life.",Anonymous
"""The human spirit is more powerful than any drug","and that is what needs to be nourished: with work, play, friendship, family. These are the things that matter."
"At the end of the day, we all want to be whole people.",Anonymous
"""Every time you are tempted to react in the same old way, ask if you want to be a prisoner of the past or a pioneer of the future.",Deepak Chopra)
"Remember our past mistakes and do not shut the door on them. In that way, we make better future choices.",Anonymous
"""Addiction recovery is more than stopping drinking or using. It's an ongoing process of growing and healing","mentally, emotionally, physically and spiritually."
The substance abuse disorder we have is an expression of something that needs to heal.,Anonymous
"""Battling any addiction is a lifelong and difficult struggle. Because of that, one is never really in or out of treatment. It is a full-time commitment.",Ben Affleck)
Freedom is hard work. It is worth it.,Anonymous
"""Your decision to kill your addiction will become a reality only if you believe and reinforce the fact that you have the capacity to do it.",Oche Otorkpa)
You are the only person who has this capacity.,Anonymous
"""Alcoholism is a disease that creates temporary madness and insanity. Drug addiction is a disease that destroys health and humanity.",Dr. T.P.Chia)
Explore any treatment options that help manage this condition.,Anonymous
"""Never underestimate a recovering addict. We fight for our lives every day in ways most people will never understand. ",Anonymous)
The strength it takes to move away from drug abuse should never be taken for granted.,Anonymous
"""We may not be responsible for the world that created our minds, but we can take responsibility for the mind with which we create our world.",Gabor Maté)
Amongst the most important steps that we can take is taking responsibility for our approach to life.,Anonymous
"""The strength to sustain recovery can only come from the addict understanding and defining his circle of influence, from recognising that there are factors over which he can exert authority and control, and from taking responsibility for the outcome of his actions.",Morteza Khaleghi)
Those friends who do not accept our sobriety need to become something of our past. We cannot carry the friendships forward.,Anonymous
"""It is only through one's own efforts to turn toward life on its own terms and to develop a wiser relationship to what's there through mindfulness and compassion that make freedom from addictive patterns possible.",Noah Levine)
One of the ways to sustain sobriety is to reach out to those still suffering from addiction and help them.,Anonymous
"""Strength does not come from physical capacity. It comes from an indomitable will.",Mahatma Gandhi)
Life is an ultra-distance marathon and the will to continue gets us to the finish line.,Anonymous
"""We have to be diligent in seeking after God, emotionally attached and consciously aware of Him at all times. The desire for God's presence must become greater than our strongest craving.",Etta Hornsteiner)
The greatest glory we can give to God is to be constantly God-conscious.,Anonymous
"""You can get the monkey off your back, but the circus never leaves town.",Anne Lamott)
"Or as a friend says, ""Life is still a circus, but now the clown is in charge.""",Anonymous
"""I'm going to be gone one day, and I have to accept that tomorrow isn't promised. Am I OK with how I'm living today? It's the only thing I can help. If I didn't have another one, what have I done with all my todays? Am I doing a good job?",Hayley Williams)
"It is not whether we won or lost, but how we ran the race that matters.",Anonymous
"""No matter what people tell you, words and ideas can change the world.",Robin Williams as John Keating inDead Poets Society)
"The first words that change our world are, ""We admitted we were powerless over our addiction.""",Anonymous
"""Not having the best situation, but seeing the best in your situation is the key to happiness.",Marie Forleo)
Gratitude is a solid foundation for joy.,Anonymous
"""We are not our best intentions. We are what we do.",Amy Dickinson)
The best things are not spoken. They are done.,Anonymous
"""In order for the light to shine so brightly, the darkness must be present.",Sir Francis Bacon)
"For us to stay sober, we must be aware that we can fail.",Anonymous
"""This above all: to thine own self be true.",William Shakespeare)
You are the best version of yourself if you allow it.,Anonymous
"""Today I choose life. Every morning when I wake up I can choose joy, happiness, negativity, pain…",Kevyn Aucoin)
Choose life for the rest of your life.,Anonymous
"""From a small seed a mighty trunk may grow.",Aeschylus)
The first step is that small seed and from it grows sobriety which is mighty indeed.,Anonymous
"""There are no limits. There are only plateaus, and you must not stay there, you must go beyond them.",Bruce Lee)
Every single day we should seek to rise higher.,Anonymous
"""There are no limits. There are only plateaus, and you must not stay there, you must go beyond them.",Bruce Lee)
When we share a problem then perspectives on a problem can change.,Anonymous
"""The ultimate measure of a man is not where he stands in moments of comfort and convenience, but where he stands at times of challenge and controversy.","Martin Luther King, Jr.)"
No one grows except through challenges. We do not swim across a river by treading water.,Anonymous
"""It is not in the stars to hold our destiny but in ourselves.",William Shakespeare)
We should be the good thing that happens to us.,Anonymous
"""All the suffering, stress and addiction comes from not realizing you already are what you are looking for.",Jon Kabat-Zinn)
When we did the 12 steps we looked deeply at ourselves and found we were sufficient for ourselves.,Anonymous
"""We honor ourselves when we speak out for recovery. We show the world that recovery matters because it brings hope and peace into the lives of individuals and their loved ones.",Beth Wilson)
"As we recover we become a beacon of hope for those still battling the effects of drinking, both the alcoholic and those close to them.",Anonymous
"""Getting sober never felt like I had pulled myself up by my own spiritual bootstraps. It felt instead like I was on one path toward destruction and God pulled me off of it by the scruff of my collar, me hopelessly kicking and flailing and saying, 'Screw you. I'll take the destruction please.' God looked at tiny, little red-faced me and said, 'that's adorable,' and then plunked me down on an entirely different path.",Nadia Bolz-Weber)
It is through the grace of our higher power that we become sober and become a more complete person,Anonymous
"""Nobody stays recovered unless the life they have created is more rewarding and satisfying than the one they left behind.",Anne Fletcher)
That is why the ninth step promises exist. Wewillcome to know a new freedom and a new happiness.,Anonymous
"""There are only two ways to live your life. One is as though nothing is a miracle. The other is as though everything is a miracle.",Albert Einstein)
Once we have achieved sobriety every 24 hours is a miracle.,Anonymous
"""We all make mistakes, have struggles, and even regret things in our past. But you are not your mistakes, you are not your struggles, and you are here now with the power to shape your day and your future.",Steve Maraboli)
There is a condition here. We must be prepared to accept and use that power.,Anonymous
"""But we've lost the plot if we use religion as the place where we escape from difficult realities instead of as the place where those difficult realities are given meaning.",Nadia Bolz-Weber)
If we follow the path of recovery and carry the message to the still suffering alcoholic then we give our battle with alcohol meaning.,Anonymous
"""I don't know where I'm going from here, but I promise it won't be boring.",David Bowie)
Life in sobriety is an adventure. A better one and not one plagued by blackouts.,Anonymous
"""You can't go back and make a new start, but you can start right now and make a brand new ending.",James R. Sherman)
This is what giving up substance abuse is all about creating a different and better life story than the one that would have been if we had not become sober.,Anonymous
"""You do not need to know precisely what is happening, or exactly where it is all going. What you need is to recognize the possibilities and challenges offered by the present moment, and to embrace them with courage, faith and hope.",Thomas Merton)
"""Addiction, at its worst, is akin to having Stockholm Syndrome. You're like a hostage who has developed an irrational affection for your captor. They can abuse you, torture you, even threaten to kill you, and you'll remain inexplicably and disturbingly loyal.","Anne Clendening, writer and yoga instructor"
"""An addict is someone who uses their body to tell society that something is wrong.","Stella Adler, actress"
"""Asking for help is really the beginning of any sort of recovery process.","Marc Maron, comedian"
"""I live in negotiation with a shadow side that has to be respected. There is a wound. I believe that this is more than a characteristic of addiction. I think it is a part of being human, to carry a wound, a flaw and again, paradoxically, it is only by accepting it that we can progress.","Russell Brand, comedian and actor"
"""Remember just because you hit bottom doesn't mean you have to stay there.",Robert Downey Jr.
"""Recovery is something that you have to work on every single day and it's something that doesn't get a day off.","Demi Lovato, singer and actress"
"""Nobody stays recovered unless the life they have created is more rewarding and satisfying than the one they left behind.","Anne Fletcher, addiction specialist"
"""The goal isn't to be sober. The goal is to love yourself so much that you don't need to drink.",Unknown
"""Rock bottom became the solid foundation on which I rebuilt my life.","J.K. Rowling, author"
"""I really mean when I say my biggest fear in early recovery was that I would never have fun again. The beautiful truth is that recovery has given me freedom and the confidence to go out in the world and leave my own mark.","Tom Stoddart, photojournalist"
"""Recovery is not simple abstinence. It's about healing the brain, remembering how to feel, learning how to make good decisions, becoming the kind of person who can engage in healthy relationships, cultivating the willingness to accept help from others, daring to be honest, and opening up to doing.","Debra Jay, addiction specialists"
"""Being a drug addict in recovery is actually a great place to be because you're forced to be looking at the rancid layers of the onion that you've been carrying around for a lifetime. Whatever degree of struggle it offers me, I'm actually grateful for. It keeps me working towards change, it gives me the desire for change","Anthony Kiedis, rockstar"
"""If you can quit for a day, you can quit for a lifetime.","Benjamin Alire Saenz, writer"
"""The initial journey towards sobriety is a delicate balance between insight into one's desire for escape and abstinence from one's addiction,""Debra L. Kaplan, therapist",Anonymous
"""All the suffering, stress, and addiction comes from not realizing you already are what you are looking for.","Jon Kabat-Zinn, doctor and author"
"""Thinking about not drinking forever was very scary, but once I did it wasn't hard anymore because I had all of these miracles happen that let me know I was on exactly the right path.","Lana Del Rey, singer-songwriter"
"""Addiction is an adaptation. It's not you-it's the cage you live in.","Johann Hari, writer"
"""Job one is get out of that cave. A lot of people do get out but don't change. So the thing is to get out and recognize the significance of that aggressive denial of your fate, come through the crucible forged into a stronger metal.","Robert Downey Jr, actor"
"""Don't pick up a drink or drug, one day at a time. It actually is simple, but it isn't easy: it requires incredible support and fastidious structuring.",Russell Brand
"""That inner dialogue proves to us, 'You're not capable of change. You are weak. You're staying stuck.' And when you break that cycle, the empowerment that comes out of it, that says, 'I'm not weak, I'm actually strong, I've proven to myself that I am capable of change,' and I believe people are capable of big changes.","Drew Barrymore, actress"
"""People who go through rehab or a halfway house walk a tough road together and not all of them make it. We knew we faced a powerful adversary that demanded respect. Unlike combat, the adversary was inside us.","Rob Delaney, comedian and actor"
"""As I've had to remind myself, if you have a problem, getting help is a sign of courage, not weakness or failure. With acceptance and humility, I continue to avail myself with the help of so many people and I am grateful to all those who are there for me. I hope down the road I can offer an example to others who are struggling.","Ben Affleck, actor"
"""I change when I'm drunk. I'm one of those people who changes…There is something in any person who drinks in a way that's clearly not good for them, something that is attracted to that chaos.","Daniel Radcliffe, actor"
"""Getting sober was the single bravest thing I've ever done, and will ever do, in my life. Being courageous enough to acknowledge it privately with my family and friends. Working really hard at solidifying it, getting support around it, and being healthy. And then talking about it publicly. That is the single greatest accomplishment of my life.","Jamie Lee Curtis, actress"
"""The idea that the creative endeavor and mind-altering substances are entwined is one of the great pop-intellectual myths of our time… Substance abusing writers are just substance abusers —common garden variety drunks and druggies, in other words.","Stephen King, writer"
"""I realized that I only had two choices: I was either going to die, or I was going to live, and which one did I want to do? And then I said those words, 'I'll get help,' or, 'I need help. I'll get help.' And my life turned around. Ridiculous for a human being to take 16 years to say, 'I need help.'","Elton John, singer and composer"
"""I couldn't believe that anybody could be naturally happy without being on something. So I would say to anybody, 'It does get better.'","Eminem, rapper"
"""Sometimes you can only find Heaven by slowly backing away from Hell.","Carrie Fisher, actress"
"""Like, at first it's fine and you think you have a dark side",it's exciting
"""I don't drink or do drugs anymore. I realized I wasn't going to live up to my potential, and that scared the hell out of me. I thought, 'Wow, I'm actually gonna ruin my life. I'm really gonna ruin it.'","Bradley Cooper, actor and filmmaker"
"""I got sober. I stopped killing myself with alcohol. I began to think: 'Wait a minute","if I can stop doing this, what are the possibilities?' And slowly it dawned on me that it was maybe worth the risk."
"""Your best days are ahead of you. The movie starts when the guy gets sober and puts his life back together; it doesn't end there.","Bucky Sinister, author"
"""Somebody once asked me how I define sobriety, and my response was 'liberation from dependence'.","Leslie Jamison, author"
"""Being in recovery has given me everything of value that I have in my life. Integrity, honesty, fearlessness, faith, a relationship with God, and most of all gratitude. It's given me a beautiful family and an amazing career. I'm under no illusions where I would be without the gift of alcoholism and the chance to recover from it.","Rob Lowe, actor"
"""When I got sober, I thought giving up was saying goodbye to all the fun and all the sparkle, and it turned out to be just the opposite. That's when the sparkle started for me.","Mary Karr, poet"
"""I chose sober because I wanted a better life. I stay sober because I got one'",Unknown
"""[Without sobriety] I would never be sitting here with you, no way, no chance. I never would have been able to have the relationships that I do. I never would have been able to take care of my father the way I did when he was sick. So many things.","Bradley Cooper, actor and filmmaker"
"""Getting sober is a radically creative act.","Meredith Bell, author"
"""I think it's important for me to show the world that sobriety hasn't made me soft. I'm on a mission to prove I'm still a nutcase.","Steve-O, television personality"
"""I once heard a sober alcoholic say that drinking never made him happy, but it made him feel like he was going to be happy in about fifteen minutes. That was exactly it, and I couldn't understand why the happiness never came, couldn't see that alcohol kept me trapped in a world of illusion, procrastination, paralysis. I lived always in the future, never in the present. Next time, next time! Next time I drank it would be different, next time it would make me feel good again. And all my efforts were doomed because already drinking hadn't made me feel good in years.","Heather King, author"
"""I wanted a drink [because] I didn't want to feel what I was feeling, and a voice within was telling me that I needed a drink, that I couldn't bear it without it. But that voice is a liar. You can always bear the pain. It'll hurt, it'll burn like acid in an open wound, but you can stand it. And, as long as you can make yourself go on choosing the pain over the relief, you can keep going.","Lawrence Block, author"
"""The problem of alcohol is, it's just too easy. It's everywhere. At least hard drugs, you have to have a dealer. All I know is, I could feel its presence in an ominous, daunting way that was preventing me from being my higher self.","Ben Harper, singer-songwriter"
"""When was the last time you woke up and wished you'd had just one more drink the night before? I have never regretted not drinking. Say this to yourself, and you'll get through anything.","Meredith Bell, author"
"""When I was growing up, when I thought of an alcoholic, I thought of some toothless old guy in a trench coat in a basement somewhere. I just never thought that would apply to me. That type of stigma kept me from getting the help that I needed when I knew I needed it.","Joe Manganiello, actor"
"""I was mad at that bottle. At how it allowed me to stay complacent and numb.","Jessica Simpson, singer"
"""For people who drink too much, the problem isn't really about booze. It's about an inability to deal with life ... What giving up booze does is allow you to look at yourself through an untainted mirror for the first time.","Collin Farrel, actor"
"""Rehab isn't what finally got me sober. It was nearly losing everything and finally seeing that whatever benefit I thought alcohol gave me was outweighed by what it would cost me… 'You're removing the capacity to be present, not just in the bad moments.' You're numbing the good feelings. You're numbing everything. It's profoundly selfish.","Elizabeth Vargas, television journalist"
"""Alcoholism is a devastating, potentially fatal disease. The primary symptom of having it is telling everyone--including yourself—that you are not an alcoholic.","Herbert L. Gravitz & Julie D. Bowden, authors"
"""It's been said that alcoholics are egomaniacs with low self-esteem. It's the perfect description. Being larger than life and yet your pride is crushed with self-loathing.","Gary Oldman, actor"
"""I think once I made up my mind that I was allergic to alcohol, and that's what I learned, it made sense to me. And I think it was kind of pointed out that you know if you were allergic to strawberries, you wouldn't eat strawberries. And that made sense to me.",Betty Ford
"""At first, addiction is maintained by pleasure, but the intensity of the pleasure gradually diminishes and addiction is then maintained by the avoidance of pain.","Frank Tallis, psychologist"
"""I used to think a drug addict was someone who lived on the far edges of society. Wild-eyed, shaven-headed and living in a filthy squat. That was until I became one.","Cathryn Kemp, writer"
"""Most addicts I have talked to report a similar experience. They did not start using drugs for any reason they can remember. They just drifted along until they got hooked. If you have never been addicted, you can have no clear idea what it means to need junk with the addict's special need. You don't decide to be an addict. One morning you wake up sick and you're an addict.","William S. Burroughs, writer"
"""Drugs are a waste of time. They destroy your memory and your self-respect and everything that goes along with with your self esteem.","Kurt Cobain, rockstar"
"""People use drugs, legal and illegal, because their lives are intolerably painful or dull. They hate their work and find no rest in their leisure. They are estranged from their families and their neighbors. It should tell us something that in healthy societies drug use is celebrative, convivial, and occasional, whereas among us it is lonely, shameful, and addictive. We need drugs, apparently, because we have lost each other.","Wendell Berry, writer"
"""Not all addictions are rooted in abuse or trauma, but I do believe they can all be traced to painful experience. A hurt is at the center of all addictive behaviors.","Gabor Mate, doctor and addiction expert"
"""I've wanted to feel pleasure to the point of insanity. They call it getting high because it's wanting to know that higher level, that godlike level. You want to touch the heavens, you want to feel glory and euphoria, but the trick is it takes work. You can't buy it, you can't get it on a street corner, you can't steal it or inject it or shove it up your ass, you have to earn it.","Anthony Kiedis, rockstar"
"""There's not a drug on Earth that can make life meaningful.","Sarah Kane, playwright"
"""People always want to ask me about my drug problem—I never had a drug problem; I had a self-esteem problem!","Gloria Gaynor, singer"
"""That's at least in part why I ingested chemical waste—it was a kind of desire to abbreviate myself. To present the CliffNotes of the emotional me, as opposed to the twelve-column read. I used to refer to my drug use as putting the monster in the box. I wanted to be less, so I took more—simple as that.","Carrie Fisher, actress"
"""You're not responsible for your disease, but you are responsible for your behavior.",Anonx
"""Sobriety is a journey, not a destination.",Anonx
"""I can change my story.",Anonx
"""I deserve to be sober.",Anonx
"""I refuse to give up on myself.",Anonx
"""Failure is a stepping stone.",Anonx
"""What I do today creates a better tomorrow.",Anonx
"""I am becoming who I want to be.",Anonx
"""I am worthy of inner peace.",Anonx
"""I accept myself completely.",Anonx
"""We do not have to become heroes overnight. Just a step at a time, meeting each thing that comes up, seeing it is not as dreadful as it appeared, discovering we have the strength to stare it down.","Eleanor Roosevelt, first lady"
"""When everything seems to be going against you, remember that the airplane takes off against the wind, not with it.","Henry Ford, founder of Ford Motor Company"
"""Sometimes when in a dark place you think you've been buried, when actually you've been planted.'","Christine Caine, author"
"""Sometimes we motivate ourselves by thinking of what we want to become. Sometimes we motivate ourselves by thinking about who we don't ever want to be again.","Shane Niemeyer, athlete and motivational speaker"
"""Out of suffering have emerged the strongest souls; the most massive characters are seared with scars.","Khalil Gibran, writer"
"""The way to measure your progress is backward against where you started, not against your ideal.","Dan Sullivan, entrepreneur"
"""When we long for life without difficulties, remind us that oaks grow strong in contrary winds and diamonds are made under pressure.","Peter Marshall, minister"
"""We don't even know how strong we are until we are forced to bring that hidden strength forward.","Isabel Allende, writer"
"""Strength does not come from winning. Your struggles develop your strengths. When you go through hardships and decide not to surrender, that is strength.","Arnold Schwarzenegger, actor and politician"
"""The human capacity for burden is like bamboo—far more flexible than you'd ever believe at first glance.","Jodi Picoult, writer"
"""One of the hardest things was learning that I was worth recovery.","Demi Lovato, actress and singer"
"""I have come to believe that caring for myself is not self-indulgent. Caring for myself is an act of survival.","Audre Lorde, writer and womanist"
"""The real difficulty is to overcome how you think about yourself.","Maya Angelou, poet and activist"
"""In order to love who you are, you cannot hate the experiences that shaped you.","Andrea Dykstra, author"
"""Love is the great miracle cure. Loving ourselves works miracles in our lives.","Louise Hay, motivational author"
"""Self-love is an ocean, and your heart is a vessel. Make it full, and any excess will spill over into the lives of the people you hold dear. But you must come first.","Beau Taplin, author"
"""It took many years of vomiting up all the filth I'd been taught about myself, and half-believed, before I was able to walk on this earth as though I had a right to be here.","James Baldwin, writer"
"""Lighten up on yourself. No one is perfect. Gently accept your humanness.","Deborah Day, author"
"""Forgiving yourself, believing in yourself, and choosing to love yourself are the best gifts one could receive.","Brittany Burgunder, author"
"""Self-care is never a selfish act—it is simply good stewardship of the only gift I have, the gift I was put on earth to offer to others.","Parker Palmer, writer and speaker"
"""I've been the lead in movies, on television shows and nominated for Emmy. But the best thing I can say about me is that people who can't stop drinking come up to me and say, 'Can you help me? ' And I can say, 'Yes. '","Matthew Perry, actor"
"""What was so painful about Amy [Winehouse]'s death is that I know that there is something I could have done. I could have passed on to her the solution that was freely given to me. Don't pick up a drink or drug, one day at a time. It sounds so simple; it actually is simple but it isn't easy; it requires incredible support and fastidious structuring.","Russell Brand, comedian"
"""The healthy person finds happiness in helping others. Thus, for him, unselfishness is selfish.",Alcoholics Anonymous
"""The best way to find yourself is to lose yourself in the service of others.",Mahatma Gandhi
"""Set your heart on doing good. Do it over and over again, and you will be filled with joy.",Buddha
"""An effort made for the happiness of others lifts us above ourselves.","Lydia M. Child, abolitionist"
"""In helping others, we shall help ourselves, for whatever good we give out completes the circle and comes back to us.",Flora Edwards
"""If you get, give. If you learn, teach.","Maya Angelou, poet and activist"
"""If you light a lamp for somebody, it will also brighten your path.",Buddha
"""Dare to reach out your hand into the darkness, to pull another hand into the light.","Norman B. Rice, politician"
